{
  "ext/fragment/LineItems.fragment.xml": 1714625924755,
  "ext/fragment/Attachment.js": 1715167531193,
  "ext/fragment/Totals.js": 1714698692023,
  "ext/fragment/PoLineitems.js": 1714971772240,
  "ext/fragment/Payment.js": 1714610183889,
  "ext/fragment/LineItems.js": 1715061023210,
  "manifest.json": 1715319518505,
  "ext/fragment/Addediteminfo.js": 1715112790968,
  "ext/controller/Submit.js": 1714908505646,
  "ext/controller/ObjectPage.controller.js": 1715107859034,
  "ext/controller/Create_non_po.js": 1714543378301,
  "ext/controller/Create.js": 1715148558223,
  "ext/controller/Clear_Screen.js": 1714546425695,
  "Component.js": 1714471419571,
  "Component-preload.js": 1715319518923,
  "ext/fragment/Totals-dbg.js": 1714698692023,
  "ext/fragment/PoLineitems-dbg.js": 1714971772240,
  "ext/fragment/Payment-dbg.js": 1714610183889,
  "ext/fragment/LineItems-dbg.js": 1715061023210,
  "ext/fragment/Attachment-dbg.js": 1715167531193,
  "ext/fragment/Addediteminfo-dbg.js": 1715112790968,
  "ext/controller/Submit-dbg.js": 1714908505646,
  "ext/controller/ObjectPage-dbg.controller.js": 1715107859034,
  "ext/controller/Create_non_po-dbg.js": 1714543378301,
  "ext/controller/Create-dbg.js": 1715148558223,
  "ext/controller/Clear_Screen-dbg.js": 1714546425695,
  "Component-dbg.js": 1714471419571,
  "ext/fragment/Totals.fragment.xml": 1715055758355,
  "ext/fragment/PoLineitems.fragment.xml": 1714718539407,
  "ext/fragment/Payment.fragment.xml": 1714611997680,
  "i18n/i18n.properties": 1715164372049,
  "ext/fragment/Attachment.fragment.xml": 1714959663568,
  "ext/fragment/Addediteminfo.fragment.xml": 1715057860629,
  "style/style.css": 1715063432611,
  "index.html": 1714471419571
}