{
  "Component.js": 1715079657116,
  "manifest.json": 1715317582467,
  "model/models.js": 1715079657124,
  "controller/advancepayment.controller.js": 1715317511802,
  "controller/App.controller.js": 1715079657128,
  "i18n/i18n.properties": 1715148832829,
  "Component-preload.js": 1715317583040,
  "Component-dbg.js": 1715079657116,
  "controller/advancepayment-dbg.controller.js": 1715317511802,
  "controller/App-dbg.controller.js": 1715079657128,
  "model/models-dbg.js": 1715079657124,
  "view/advancepayment.view.xml": 1715267374918,
  "view/App.view.xml": 1715128287791,
  "css/style.css": 1715144616214,
  "index.html": 1715079657116
}